21.0068,TCCCAGCACTTTGGGA
21.0068,TCCCAGCACTTTGGGA
21.0068,TCCCAGCACTTTGGGA
20.067,TGTGTGTGTGTG
19.8148,TCCCAGCACTTTGGGA
19.8148,TCCCAGCACTTTGGGA
19.8148,TCCCAGCACTTTGGGA
18.6304,TCCCAGCACTTTGGGA
18.6304,TCCCAGCACTTTGGGA
17.6319,TCCCAGCACTTTGGGG
15.8657,TTACAGTGCTTTGTAA
15.4475,TACAGTATGTTGTAT
14.8827,TGCAGCCCTTTGTAT
14.0856,TGTGTGTGTGTGTG
12.034,TTAAGAATTTTTATA
11.9763,TTCCTTCGTGGAGGAA
11.9383,CATATTACTATATGG
11.7264,GGGAATTTTTTT
11.6743,TGTAAAATGTTATAG
11.4234,TCCTGCGTCGTGATGGGGA
11.0672,CCCATCGCTGAGTGGGT
11.0546,TTCAAGGTTTTTGAA
10.2747,CAAATTGTGGTTTGA
