15.903,UAUUUUUAU
14.7993,CUCUUUUGAG
14.1826,UGUUUUCAU
14.053,UAUUUUUGU
13.7765,UUAUUUUUAA
13.542,UUAUUUUUGA
13.3785,UUUUUUU
13.1345,UUCUUUUGAA
12.8554,AUAUUUUUAU
9.91398,AUUUUUUAAU
8.62391,UCUUUCU
6.53232,AUUUUUG
2.86137,GGGUUUA
15.0137,GAUUUUUC
12,GAUUUUUC
12.4866,UAUUUUUG
12.4759,UAUUUUUA
8.15159,UUUUUG
5.53441,CUUUCU
2.95554,GGUUUA
14.7852,GCUUUUUGU
14.5253,ACUCUUUGU
14.363,GAUUUUUUU
10.2342,UUUCUUU
4.82438,GUUAUAUGGGUUUAAUAGU
13.7963,UUUUUUUUA
12.7855,UUUUUUUUAA
11.4447,UAUUUUUU
7.38538,CUCUUUCUG
5.7631,AAUUUUUG
5.26945,UAUGGGUU
